index	seqName	clade	proposedSubclade	subclade	short-clade	glycosylation	qc.overallScore	qc.overallStatus	totalSubstitutions	totalDeletions	totalInsertions	totalFrameShifts	totalMissing	totalNonACGTNs	totalAminoacidSubstitutions	totalAminoacidDeletions	totalAminoacidInsertions	totalUnknownAa	alignmentScore	alignmentStart	alignmentEnd	coverage	cdsCoverage	isReverseComplement	substitutions	deletions	insertions	frameShifts	aaSubstitutions	aaDeletions	aaInsertions	privateNucMutations.reversionSubstitutions	privateNucMutations.labeledSubstitutions	privateNucMutations.unlabeledSubstitutions	privateNucMutations.totalReversionSubstitutions	privateNucMutations.totalLabeledSubstitutions	privateNucMutations.totalUnlabeledSubstitutions	privateNucMutations.totalPrivateSubstitutions	privateAaMutations.reversionSubstitutions	privateAaMutations.labeledSubstitutions	privateAaMutations.unlabeledSubstitutions	privateAaMutations.totalReversionSubstitutions	privateAaMutations.totalLabeledSubstitutions	privateAaMutations.totalUnlabeledSubstitutions	privateAaMutations.totalPrivateSubstitutions	missing	founderMuts['clade'].nodeName	founderMuts['clade'].substitutions	founderMuts['clade'].deletions	founderMuts['clade'].aaSubstitutions	founderMuts['clade'].aaDeletions	founderMuts['short-clade'].nodeName	founderMuts['short-clade'].substitutions	founderMuts['short-clade'].deletions	founderMuts['short-clade'].aaSubstitutions	founderMuts['short-clade'].aaDeletions	founderMuts['subclade'].nodeName	founderMuts['subclade'].substitutions	founderMuts['subclade'].deletions	founderMuts['subclade'].aaSubstitutions	founderMuts['subclade'].aaDeletions	founderMuts['proposedSubclade'].nodeName	founderMuts['proposedSubclade'].substitutions	founderMuts['proposedSubclade'].deletions	founderMuts['proposedSubclade'].aaSubstitutions	founderMuts['proposedSubclade'].aaDeletions	unknownAaRanges	nonACGTNs	qc.missingData.missingDataThreshold	qc.missingData.score	qc.missingData.status	qc.missingData.totalMissing	qc.mixedSites.mixedSitesThreshold	qc.mixedSites.score	qc.mixedSites.status	qc.mixedSites.totalMixedSites	qc.privateMutations.cutoff	qc.privateMutations.excess	qc.privateMutations.score	qc.privateMutations.status	qc.privateMutations.total	qc.snpClusters.clusteredSNPs	qc.snpClusters.score	qc.snpClusters.status	qc.snpClusters.totalSNPs	qc.frameShifts.frameShifts	qc.frameShifts.totalFrameShifts	qc.frameShifts.frameShiftsIgnored	qc.frameShifts.totalFrameShiftsIgnored	qc.frameShifts.score	qc.frameShifts.status	qc.stopCodons.stopCodons	qc.stopCodons.totalStopCodons	qc.stopCodons.score	qc.stopCodons.status	totalPcrPrimerChanges	pcrPrimerChanges	failedCdses	warnings	errors
4	01790886_H252860695	6B.1A.5a.2a.1	D.3	D.3	5a.2a.1	HA1:10:NNS;HA1:23:NVT;HA1:87:NGT;HA1:162:NQT;HA1:276:NAT;HA1:287:NTS;HA2:154:NGT	0	good	42	0	0	0	2	0	18	0	0	2	4933	21	1721	0.9697488584474886	HA1:0.9938837920489296,HA2:1,SigPep:1	false	G170A,A231C,A293G,A408C,A429G,C480T,A496G,A542G,T620C,G627A,C636G,A662G,A680C,A717G,A742C,A827G,G847A,T851A,A900G,G950A,A968G,G986A,A994G,T1005C,A1010G,T1023C,G1091A,A1106C,G1139T,G1145A,A1185G,T1199C,G1286A,A1323G,T1347C,C1364T,A1422C,T1450C,A1556G,C1601T,G1616A,T1630C				HA1:K54Q,HA1:T120A,HA1:P137S,HA1:K142R,HA1:A186T,HA1:Q189E,HA1:T216A,HA1:E224A,HA1:R259K,HA1:D260E,HA1:T277A,HA1:K308R,HA2:E29D,HA2:I45V,HA2:I91V,HA2:N124H,HA2:I133T,HA2:V193A					A680C,G986A,T1023C,G1091A	0	0	4	4				0	0	0	0	736,739	NODE_00000130.00	A293G,A408C,A429G,A662G,A680C,A717G,G986A,T1005C,A1010G,T1023C,G1091A,A1106C,A1185G,G1286A,T1450C,A1556G,T1630C		HA1:T120A,HA1:T216A,HA2:I45V,HA2:I133T,HA2:V193A		NODE_00000130.00	A293G,A408C,A429G,A662G,A680C,A717G,G986A,T1005C,A1010G,T1023C,G1091A,A1106C,A1185G,G1286A,T1450C,A1556G,T1630C		HA1:T120A,HA1:T216A,HA2:I45V,HA2:I133T,HA2:V193A		NODE_0000077-1.00	T255C,A408C,A662G,A680C,G986A,T1023C,G1091A,A1106C,G1286A,T1450C,A1556G,T1630C		HA2:I133T,HA2:V193A		NODE_0000077-1.00	T255C,A408C,A662G,A680C,G986A,T1023C,G1091A,A1106C,G1286A,T1450C,A1556G,T1630C		HA2:I133T,HA2:V193A		HA1:222-223						4	0	good	0	15	-1	0	good	4						0		0	0	good		0	0	good	0				
8	AYR844_barcode06_combined	6B.1A.5a.2a	C.1.9.2	C.1.9.2	5a.2a	HA1:10:NNS;HA1:23:NVT;HA1:87:NGT;HA1:162:NQT;HA1:276:NTT;HA1:287:NTS;HA2:154:NGT	0	good	27	0	0	0	2	0	12	0	0	2	4993	21	1721	0.9697488584474886	HA1:0.9938837920489296,HA2:1,SigPep:1	false	G170A,A183G,A231C,G292A,C329T,G338T,G410A,A429G,A576C,T620C,G627A,C636G,A742C,G847A,A968G,A992G,A994G,T1023C,T1199C,A1323G,T1347C,C1442T,A1510G,C1601T,G1616A,A1646G,C1673T				HA1:N38D,HA1:K54Q,HA1:R74K,HA1:T120A,HA1:K169Q,HA1:A186T,HA1:Q189E,HA1:E224A,HA1:R259K,HA1:K308R,HA2:I91V,HA2:K153R					G292A,G410A	0	0	2	2			HA1:R74K	0	0	1	1	736,739	NODE_0000790-1.00	A183G,G292A,C329T,G338T,G410A,A429G,A576C,T620C,A992G,T1023C,A1323G,T1347C,C1442T,A1510G,A1646G,C1673T		HA1:N38D,HA1:R74K,HA1:T120A,HA1:K169Q,HA2:I91V,HA2:K153R		NODE_0000790-1.00	A183G,G292A,C329T,G338T,G410A,A429G,A576C,T620C,A992G,T1023C,A1323G,T1347C,C1442T,A1510G,A1646G,C1673T		HA1:N38D,HA1:R74K,HA1:T120A,HA1:K169Q,HA2:I91V,HA2:K153R		NODE_0000537-1.00	G292A,G410A		HA1:R74K		NODE_0000537-1.00	G292A,G410A		HA1:R74K		HA1:222-223						4	0	good	0	15	-3	0	good	2						0		0	0	good		0	0	good	0				
2	AYR844_barcode08_combined	1	unassigned	unassigned	unassigned	HA1:10:NNS;HA1:23:NVT;HA1:87:NGT;HA1:276:NTT;HA1:287:NTS;HA2:154:NGT	11.111111	good	65	0	0	0	2	0	26	0	0	2	4841	21	1721	0.9697488584474886	HA1:0.9938837920489296,HA2:1,SigPep:1	false	A42C,G47A,A57G,G119A,C161T,T164C,G170A,A188G,A293C,T318C,A322G,A360G,A416G,T443C,G456A,T461A,C485T,C512T,G515A,G524A,A539T,A552C,A556G,C558A,A561T,G599A,C618T,T625G,A678T,C718T,A776G,T809A,G849A,G911A,G918A,G954A,A992G,A994G,G1032A,C1061T,C1082T,T1163C,A1178G,T1190C,A1191G,T1250A,T1271G,C1290T,G1301A,C1356T,C1364T,T1382C,G1406A,A1415G,A1423G,T1428C,C1487T,A1493G,G1511A,A1566G,A1577G,C1589A,C1601T,T1631C,C1673T				HA1:R74S,HA1:S83P,HA1:N84S,HA1:N97D,HA1:D129N,HA1:N130K,HA1:K156N,HA1:I161L,HA1:N162S,HA1:Q163K,HA1:T164S,HA1:P183S,HA1:I185S,HA1:T203S,HA1:T216I,HA1:D260N,HA1:E283K,HA1:V295I,HA1:K308R,HA1:V321I,HA2:K47E,HA2:N124S,HA2:K172E,HA2:D179E,SigPep:M8L,SigPep:T13A			C697A,T820C,G837A,A974G,A986G,C1073T,T1076C		G456A,A992G,A994G	7	0	3	10	HA1:T209K,HA1:V250A,HA1:A256T		HA1:D129N,HA1:K308R	3	0	2	5	736,739	NODE_00012360.00	T318C,A678T,T820C,G837A,G911A,A974G,G977A,A986G,A992G,A994G,G1032A,C1073T,T1076C,T1428C		HA1:S83P,HA1:T203S,HA1:V250A,HA1:A256T,HA1:K308R,HA1:V321I		NODE_0000000	G162A,T318C,A556G,A627G,A678T,T701C,T820C,G837A,A885G,G911A,G923T,A974G,G977A,A986G,A992G,A994G,G1032A,C1073T,T1076C,A1100G,T1428C		HA1:D31N,HA1:S83P,HA1:N162S,HA1:T186A,HA1:T203S,HA1:V250A,HA1:A256T,HA1:I272V,HA1:K308R,HA1:V321I		NODE_0000000	G162A,T318C,A556G,A627G,A678T,T701C,T820C,G837A,A885G,G911A,G923T,A974G,G977A,A986G,A992G,A994G,G1032A,C1073T,T1076C,A1100G,T1428C		HA1:D31N,HA1:S83P,HA1:N162S,HA1:T186A,HA1:T203S,HA1:V250A,HA1:A256T,HA1:I272V,HA1:K308R,HA1:V321I		NODE_0000000	G162A,T318C,A556G,A627G,A678T,T701C,T820C,G837A,A885G,G911A,G923T,A974G,G977A,A986G,A992G,A994G,G1032A,C1073T,T1076C,A1100G,T1428C		HA1:D31N,HA1:S83P,HA1:N162S,HA1:T186A,HA1:T203S,HA1:V250A,HA1:A256T,HA1:I272V,HA1:K308R,HA1:V321I		HA1:222-223						4	0	good	0	15	5	33.333333	mediocre	10						0		0	0	good		0	0	good	0				
5	SRR32055891	6B.1A.5a.2a	C.1	C.1	5a.2a	HA1:10:NNS;HA1:23:NVT;HA1:87:NGT;HA1:162:NQT;HA1:276:NTT;HA1:287:NTS;HA2:154:NGT	0	good	20	0	0	0	2	0	8	0	0	2	5021	21	1721	0.9697488584474886	HA1:0.9938837920489296,HA2:1,SigPep:1	false	G170A,A231C,G338T,T620C,G627A,C636G,A742C,G847A,A968G,A992G,A994G,T1023C,C1164T,T1199C,C1266A,A1323G,T1347C,C1601T,G1616A,A1646G				HA1:K54Q,HA1:A186T,HA1:Q189E,HA1:E224A,HA1:R259K,HA1:K308R,HA2:H72N,HA2:I91V						0	0	0	0				0	0	0	0	736,739	NODE_0000790-1.00	G338T,T620C,A992G,T1023C,C1164T,C1266A,A1323G,T1347C,A1646G		HA2:H72N,HA2:I91V		NODE_0000790-1.00	G338T,T620C,A992G,T1023C,C1164T,C1266A,A1323G,T1347C,A1646G		HA2:H72N,HA2:I91V		NODE_0000790-1.00	G338T,T620C,A992G,T1023C,C1164T,C1266A,A1323G,T1347C,A1646G		HA2:H72N,HA2:I91V		NODE_0000790-1.00	G338T,T620C,A992G,T1023C,C1164T,C1266A,A1323G,T1347C,A1646G		HA2:H72N,HA2:I91V		HA1:222-223						4	0	good	0	15	-5	0	good	0						0		0	0	good		0	0	good	0				
0	SRR32055877	6B.1A.5a.2a.1	D	D	5a.2a.1	HA1:10:NNS;HA1:23:NVT;HA1:87:NGT;HA1:162:NQT;HA1:276:NAT;HA1:287:NTS;HA2:154:NGT	0	good	27	0	0	0	2	0	15	0	0	2	4993	21	1721	0.9697488584474886	HA1:0.9938837920489296,HA2:1,SigPep:1	false	A51G,G170A,A231C,C255T,C480T,A496G,A542G,T620C,G627A,C636G,A717G,A742C,A827G,G847A,T851A,A900G,G950A,A994G,G1139T,G1145A,T1199C,A1323G,T1347C,C1364T,A1422C,C1601T,G1616A				HA1:K54Q,HA1:P137S,HA1:K142R,HA1:A186T,HA1:Q189E,HA1:T216A,HA1:E224A,HA1:R259K,HA1:D260E,HA1:T277A,HA1:K308R,HA2:E29D,HA2:I91V,HA2:N124H,SigPep:T11A			G968A		A51G	1	0	1	2			SigPep:T11A	0	0	1	1	736,739	NODE_00000130.00	A51G,C255T,A717G,G968A		HA1:T216A,SigPep:T11A		NODE_00000130.00	A51G,C255T,A717G,G968A		HA1:T216A,SigPep:T11A		NODE_00000740.00	A51G,G968A		SigPep:T11A		NODE_00000740.00	A51G,G968A		SigPep:T11A		HA1:222-223						4	0	good	0	15	-3	0	good	2						0		0	0	good		0	0	good	0				
1	AYR844_barcode09_combined	1	unassigned	unassigned	unassigned	HA1:10:NNS;HA1:23:NVT;HA1:87:NGT;HA1:276:NTT;HA1:287:NTS;HA2:154:NGT	0	good	69	0	0	0	2	0	27	0	0	2	4825	21	1721	0.9697488584474886	HA1:0.9938837920489296,HA2:1,SigPep:1	false	A42C,G47A,A57G,G119A,C161T,T164C,G170A,A188G,A293C,T318C,A322G,A360G,A416G,T443C,G456A,T461A,C485T,C512T,G515A,G524A,A539T,A552C,A556G,C558A,A561T,G599A,C618T,T625G,A678T,C718T,A776G,T809A,C820T,A837G,G849A,G911A,G918A,G954A,G974A,G986A,G1032A,C1061T,T1073C,C1076T,C1082T,T1163C,A1178G,T1190C,A1191G,T1250A,T1271G,C1290T,G1301A,C1356T,C1364T,T1382C,G1406A,A1415G,A1423G,T1428C,C1487T,A1493G,G1511A,A1566G,A1577G,C1589A,C1601T,T1631C,C1673T				HA1:R74S,HA1:S83P,HA1:N84S,HA1:N97D,HA1:D129N,HA1:N130K,HA1:K156N,HA1:I161L,HA1:N162S,HA1:Q163K,HA1:T164S,HA1:P183S,HA1:I185S,HA1:T203S,HA1:T216I,HA1:A250V,HA1:T256A,HA1:D260N,HA1:E283K,HA1:V295I,HA1:V321I,HA2:K47E,HA2:N124S,HA2:K172E,HA2:D179E,SigPep:M8L,SigPep:T13A			C697A		G456A	1	0	1	2	HA1:T209K		HA1:D129N	1	0	1	2	736,739	NODE_00012360.00	T318C,A678T,G911A,G977A,G1032A,T1428C		HA1:S83P,HA1:T203S,HA1:V321I		NODE_0000000	G162A,T318C,A556G,A627G,A678T,T701C,A885G,G911A,G923T,G977A,G1032A,A1100G,T1428C		HA1:D31N,HA1:S83P,HA1:N162S,HA1:T186A,HA1:T203S,HA1:I272V,HA1:V321I		NODE_0000000	G162A,T318C,A556G,A627G,A678T,T701C,A885G,G911A,G923T,G977A,G1032A,A1100G,T1428C		HA1:D31N,HA1:S83P,HA1:N162S,HA1:T186A,HA1:T203S,HA1:I272V,HA1:V321I		NODE_0000000	G162A,T318C,A556G,A627G,A678T,T701C,A885G,G911A,G923T,G977A,G1032A,A1100G,T1428C		HA1:D31N,HA1:S83P,HA1:N162S,HA1:T186A,HA1:T203S,HA1:I272V,HA1:V321I		HA1:222-223						4	0	good	0	15	-3	0	good	2						0		0	0	good		0	0	good	0				
7	01790879_FluAB_EFRL384EFRZ641	1	unassigned	unassigned	unassigned	HA1:10:NNS;HA1:23:NVT;HA1:87:NGT;HA1:276:NTT;HA1:287:NTS;HA2:154:NGT	0	good	70	0	0	0	2	0	28	0	0	2	4821	21	1721	0.9697488584474886	HA1:0.9938837920489296,HA2:1,SigPep:1	false	A42C,G47A,A57G,G119A,C161T,T164C,G170A,A188G,A293C,T318C,A322G,A360G,A416G,T443C,G456A,T461A,C485T,C512T,G515A,G524A,A539T,A552C,A556G,C558A,A561T,G599A,C618T,T625G,A678T,C718T,A776G,T809A,C820T,A837G,G849A,G911A,G918A,G954A,G974A,G986A,G1032A,C1061T,T1073C,C1076T,C1082T,G1137A,T1163C,A1178G,T1190C,A1191G,T1250A,T1271G,C1290T,G1301A,C1356T,C1364T,T1382C,G1406A,A1415G,A1423G,T1428C,C1487T,A1493G,G1511A,A1566G,A1577G,C1589A,C1601T,T1631C,C1673T				HA1:R74S,HA1:S83P,HA1:N84S,HA1:N97D,HA1:D129N,HA1:N130K,HA1:K156N,HA1:I161L,HA1:N162S,HA1:Q163K,HA1:T164S,HA1:P183S,HA1:I185S,HA1:T203S,HA1:T216I,HA1:A250V,HA1:T256A,HA1:D260N,HA1:E283K,HA1:V295I,HA1:V321I,HA2:E29K,HA2:K47E,HA2:N124S,HA2:K172E,HA2:D179E,SigPep:M8L,SigPep:T13A			C697A		G456A,G1137A	1	0	2	3	HA1:T209K		HA1:D129N,HA2:E29K	1	0	2	3	736,739	NODE_00012360.00	T318C,A678T,G911A,G977A,G1032A,G1137A,T1428C		HA1:S83P,HA1:T203S,HA1:V321I,HA2:E29K		NODE_0000000	G162A,T318C,A556G,A627G,A678T,T701C,A885G,G911A,G923T,G977A,G1032A,A1100G,G1137A,T1428C		HA1:D31N,HA1:S83P,HA1:N162S,HA1:T186A,HA1:T203S,HA1:I272V,HA1:V321I,HA2:E29K		NODE_0000000	G162A,T318C,A556G,A627G,A678T,T701C,A885G,G911A,G923T,G977A,G1032A,A1100G,G1137A,T1428C		HA1:D31N,HA1:S83P,HA1:N162S,HA1:T186A,HA1:T203S,HA1:I272V,HA1:V321I,HA2:E29K		NODE_0000000	G162A,T318C,A556G,A627G,A678T,T701C,A885G,G911A,G923T,G977A,G1032A,A1100G,G1137A,T1428C		HA1:D31N,HA1:S83P,HA1:N162S,HA1:T186A,HA1:T203S,HA1:I272V,HA1:V321I,HA2:E29K		HA1:222-223						4	0	good	0	15	-2	0	good	3						0		0	0	good		0	0	good	0				
3	AYR844_barcode10_combined	1	unassigned	unassigned	unassigned	HA1:10:NNS;HA1:23:NVT;HA1:87:NGT;HA1:276:NTT;HA1:287:NTS;HA2:154:NGT	0	good	70	0	0	0	2	0	27	0	0	2	4821	21	1721	0.9697488584474886	HA1:0.9938837920489296,HA2:1,SigPep:1	false	A42C,G47A,A57G,G119A,C161T,T164C,G170A,A188G,A293C,T318C,A322G,A360G,A416G,T443C,G456A,T461A,C485T,C512T,G515A,G524A,A537G,A539T,A552C,A556G,C558A,A561T,G599A,C618T,T625G,A678T,C718T,A776G,T809A,C820T,A837G,G849A,G911A,G918A,G954A,G974A,G986A,G1032A,C1061T,T1073C,C1076T,C1082T,T1163C,A1178G,T1190C,A1191G,T1250A,T1271G,C1290T,G1301A,C1356T,C1364T,T1382C,G1406A,A1415G,A1423G,T1428C,C1487T,A1493G,G1511A,A1566G,A1577G,C1589A,C1601T,T1631C,C1673T				HA1:R74S,HA1:S83P,HA1:N84S,HA1:N97D,HA1:D129N,HA1:N130K,HA1:K156D,HA1:I161L,HA1:N162S,HA1:Q163K,HA1:T164S,HA1:P183S,HA1:I185S,HA1:T203S,HA1:T216I,HA1:A250V,HA1:T256A,HA1:D260N,HA1:E283K,HA1:V295I,HA1:V321I,HA2:K47E,HA2:N124S,HA2:K172E,HA2:D179E,SigPep:M8L,SigPep:T13A			C697A		G456A,A537G	1	0	2	3	HA1:T209K		HA1:D129N,HA1:N156D	1	0	2	3	736,739	NODE_00012360.00	T318C,A537G,A678T,G911A,G977A,G1032A,T1428C		HA1:S83P,HA1:N156D,HA1:T203S,HA1:V321I		NODE_0000000	G162A,T318C,A537G,A556G,A627G,A678T,T701C,A885G,G911A,G923T,G977A,G1032A,A1100G,T1428C		HA1:D31N,HA1:S83P,HA1:N156D,HA1:N162S,HA1:T186A,HA1:T203S,HA1:I272V,HA1:V321I		NODE_0000000	G162A,T318C,A537G,A556G,A627G,A678T,T701C,A885G,G911A,G923T,G977A,G1032A,A1100G,T1428C		HA1:D31N,HA1:S83P,HA1:N156D,HA1:N162S,HA1:T186A,HA1:T203S,HA1:I272V,HA1:V321I		NODE_0000000	G162A,T318C,A537G,A556G,A627G,A678T,T701C,A885G,G911A,G923T,G977A,G1032A,A1100G,T1428C		HA1:D31N,HA1:S83P,HA1:N156D,HA1:N162S,HA1:T186A,HA1:T203S,HA1:I272V,HA1:V321I		HA1:222-223						4	0	good	0	15	-2	0	good	3						0		0	0	good		0	0	good	0				
6	AYR844_barcode05_combined	6B.1A.5a.2a.1	C.1.1	C.1.1	5a.2a.1	HA1:10:NNS;HA1:23:NVT;HA1:87:NGT;HA1:162:NQT;HA1:276:NAT;HA1:287:NTS;HA2:154:NGT	0	good	35	0	0	0	2	0	16	0	0	2	4961	21	1721	0.9697488584474886	HA1:0.9938837920489296,HA2:1,SigPep:1	false	G170A,C222T,A231C,C248A,C480T,A496G,A497G,A542G,A606G,T620C,G627A,C636G,A742C,A827G,G847A,T851A,A900G,T908C,C917A,G950A,A968G,A994G,G1139T,G1145A,G1169A,T1199C,A1323G,T1347C,C1364T,A1422C,C1442T,G1499T,C1601T,G1616A,G1703A				HA1:H51Y,HA1:K54Q,HA1:P137S,HA1:K142R,HA1:I179V,HA1:A186T,HA1:Q189E,HA1:E224A,HA1:R259K,HA1:D260E,HA1:T277A,HA1:K308R,HA2:E29D,HA2:I91V,HA2:N124H,HA2:M149I					C222T,A606G,G1499T	0	0	3	3			HA1:H51Y,HA1:I179V,HA2:M149I	0	0	3	3	736,739	NODE_00000130.00	C222T,C248A,A497G,A606G,T908C,C917A,G1169A,C1442T,G1499T,G1703A		HA1:H51Y,HA1:I179V,HA2:M149I		NODE_00000130.00	C222T,C248A,A497G,A606G,T908C,C917A,G1169A,C1442T,G1499T,G1703A		HA1:H51Y,HA1:I179V,HA2:M149I		NODE_00000130.00	C222T,C248A,A497G,A606G,T908C,C917A,G1169A,C1442T,G1499T,G1703A		HA1:H51Y,HA1:I179V,HA2:M149I		NODE_00000130.00	C222T,C248A,A497G,A606G,T908C,C917A,G1169A,C1442T,G1499T,G1703A		HA1:H51Y,HA1:I179V,HA2:M149I		HA1:222-223						4	0	good	0	15	-2	0	good	3						0		0	0	good		0	0	good	0				
